Membership ID,Loan Number ,group no,share amt,Loan Type,Loan Date,Reason For Loan ,Amount,Rate,months of installements,saving balance,existing loans,Joob,Monthly income,other income,expences,Gurantor 1,Gurantor 2,Gurantor 3,Gurantor 4,reapyment status,status
1/4061,12181,no,LKR 100.00,long term,20/03/2022,house repairing,"LKR 250,000.00",17%,60,"LKR 3,667.00",no,Self employment,"LKR 49,962.25",6000,12500,ok,ok,no,no,yes,approved
1/3572,6003-2121-12142,no,LKR 100.00,long term,06/03/2024,To buy electric items,"LKR 250,000.00",14%,60,LKR 863.20,yes,Field worker,"LKR 250,000.00",no,no,ok,ok,no,no,yes,approved
1/1734,6003-2121-12153,no,LKR 100.00,long term,10/03/2024,To buy household items ,"LKR 250,000.00",23%,60,"LKR 1,009.00",no,driver,"LKR 25,000.00",1666.6,20000,ok,ok,no,no,yes,approved
1/3573,12197,no,LKR 100.00,long term,11/03/2024,To buy household items ,"LKR 250,000.00",23%,60,LKR 992.55,yes,Office assistant,"LKR 30,000.00",no,20000,ok,ok,no,no,yes,approved
1/4022,12159,no,LKR 100.00,long term,14/03/2024,To buy computer,"LKR 250,000.00",23%,60,"LKR 1,196.00",no,Work basics,"LKR 60,000.00",no,50000,ok,ok,no,no,yes,approved
9/1450,12162,no,LKR 100.00,long term,20/03/2024,To buy computer,"LKR 250,000.00",23%,60,"LKR 1,000.00",no,post officer,"LKR 59,220.40",no,25000,ok,ok,no,no,yes,approved
1/3577,12164,no,LKR 100.00,long term,29/05/2024,Mortgage payments,"LKR 250,000.00",20%,60,"LKR 4,044.94",no,Office worker,"LKR 27,114.00",18000,26183.3,ok,ok,no,no,yes,approved
1/3933,12165,no,LKR 100.00,long term,31/05/2024,To buy electric items,"LKR 200,000.00",20%,60,"LKR 58,331.15",yes,Business assitant,"LKR 40,000.00",1666.6,28333,ok,ok,no,no,yes,approved
1/4003,12166,no,LKR 100.00,long term,24/06/2024,To buy household items ,"LKR 250,000.00",20%,60,"LKR 1,317.00",yes,Senior electrician,"LKR 105,495.00",30000,43828,ok,ok,no,no,yes,approved
1/3747,12167,no,LKR 100.00,long term,27/08/2024,To buy household items ,"LKR 250,000.00",20%,60,LKR 368.40,yes,officer,"LKR 70,000.00",30000,60000,ok,ok,no,no,yes,approved
1/2063,12168,no,LKR 100.00,long term,27/08/2024,To buy electric items,"LKR 250,000.00",20%,60,"LKR 4,367.74",yes,self employement,"LKR 25,000.00",16666.6,41666,ok,ok,no,no,yes,approved
1/3724,12169,no,LKR 100.00,long term,23/10/2024,To buy electric items,"LKR 250,000.00",20%,60,LKR 204.97,yes,cashier,"LKR 45,000.00",15000,5000,ok,ok,no,no,yes,approved
1/3814,12170,no,LKR 100.00,long term,23/10/2024,Business purposes,"LKR 250,000.00",20%,60,LKR 602.00,no,businessman,"LKR 30,000.00",75000,88333,ok,ok,no,no,yes,approved
1/3110,12171,no,LKR 100.00,long term,22/10/2024,Mortgage payments,"LKR 250,000.00",20%,60,"LKR 1,507.19",no,businessman,"LKR 30,000.00",25000,18000,ok,ok,no,no,yes,approved
1/3503,12172,no,LKR 100.00,long term,27/11/2024,To buy household items ,"LKR 250,000.00",20%,60,LKR 877.45,yes,child care worker,"LKR 28,000.00",12500,33333,ok,ok,no,no,yes,approved
1/2581,12173,no,LKR 100.00,long term,23/01/2025,contruction repair ,"LKR 250,000.00",20%,60,"LKR 8,471.07",no,Assistant engineer,"LKR 18,259.00",no,no,ok,ok,no,no,yes,approved
1/3480,12174,no,LKR 100.00,long term,23/05/2025,contruction repair ,"LKR 250,000.00",17%,60,LKR 513.00,no,industrial worker,"LKR 50,107.00",no,41666,ok,ok,no,no,yes,approved
1/3540,12175,no,LKR 100.00,long term,24/06/2025,Mortgage payments,"LKR 200,000.00",17%,60,LKR 784.10,yes,development officer,"LKR 52,000.00",no,35000,ok,no,no,no,yes,approved
1/4153,12176,no,LKR 100.00,long term,24/07/2025,To buy household items ,"LKR 250,000.00",17%,60,"LKR 1,048.00",yes,Housekeeper,"LKR 32,069.00",70000,75000,ok,no,no,no,yes,approved
1/4231,12177,no,LKR 100.00,long term,24/07/2025,to sell mobilephomes,"LKR 250,000.00",17%,60,LKR 608.00,no,delivery agent,"LKR 30,000.00",30000,35000,ok,no,no,no,yes,approved
1/4237,12178,no,LKR 100.00,long term,12/08/2025,Mortgage payments,"LKR 250,000.00",17%,60,"LKR 2,104.00",no,self employment,"LKR 30,000.00",15000,20833,ok,no,no,no,yes,approved
1/3865,12179,no,LKR 100.00,long term,12/08/2025,For house renovations,"LKR 250,000.00",17%,60,LKR 405.00,no,preschool teacher,"LKR 35,000.00",20000,25000,ok,no,no,no,yes,approved
1/1780,12180,no,LKR 100.00,long term,12/08/2025,For house renovations,"LKR 250,000.00",17%,60,"LKR 1,004.00",no,painter,"LKR 50,000.00",30000,40000,ok,no,no,no,yes,approved
1/4061,12181,no,LKR 100.00,long term,12/08/2025,contruction repair ,"LKR 250,000.00",17%,60,"LKR 3,667.00",no,self employement,"LKR 25,000.00",60000,12500,ok,no,no,no,yes,approved
1/4183,12161,no,LKR 100.00,long term,24/03/2025,To buy household items ,"LKR 250,000.00",23%,60,"LKR 17,015.00",no,supervisor,"LKR 56,725.00",no,35000,ok,no,no,no,yes,approved
1/3741,12141,no,LKR 100.00,long term,02/08/2021,Mortgage payments,"LKR 250,000.00",14%,60,"LKR 4,135.00",no,self employment,"LKR 352,500.00",no,19166,ok,no,no,no,yes,approved
1/3953,10301,no,LKR 100.00,long term,25/10/2024,To buy electric items,"LKR 250,000.00",13%,60,LKR 121.11,yes,driver,"LKR 21,270.00",20000,33333,ok,no,no,no,yes,approved
1/3872,12163,no,LKR 100.00,long term,29/03/2024,To buy household items ,"LKR 250,000.00",23%,60,LKR 598.95,yes,self employment,"LKR 35,000.00",35000,25000,ok,no,no,no,no,approved
11/677,943,no,LKR 10.00,long term,05/04/1990,To start a chicken farm,"LKR 10,000.00",18%,60,LKR 50.00,no,self employment,"LKR 2,000.00",no,1250,ok,no,no,no,no,approved
1/2580,12118,no,LKR 100.00,long term,07/10/2020,To buy household items ,"LKR 250,000.00",16%,60,"LKR 1,002.00",yes,Office assistant,"LKR 27,000.00",no,12000,ok,no,no,no,no,approved
1/3997,12136,no,LKR 100.00,long term,11/03/2021,To buy a a computer,"LKR 250,000.00",14%,60,"LKR 3,511.00",no,bank officer,"LKR 27,000.00",4166.6,12500,ok,no,no,no,no,approved
1/4008,12137,no,LKR 100.00,long term,16/03/2021,To buy a a computer,"LKR 250,000.00",14%,60,"LKR 3,208.00",no,bank officer,"LKR 45,000.00",no,11000,ok,no,no,no,no,approved
1/2230,12150,no,LKR 100.00,long term,15/01/2023,To buy electric items,"LKR 250,000.00",26%,60,LKR 949.12,yes,retail seller,"LKR 25,000.00",no,5000,ok,no,no,no,no,approved
9/2207,10269,no,LKR 100.00,EPF,24/04/2018,To buy household items ,"LKR 250,000.00",13%,48,"LKR 5,073.00",yes,manager,"LKR 16,402.10",no,10416,ok,no,no,no,no,approved
1/1404,11226,no,LKR 100.00,long term,01/09/1996,to buy a sewing machine,"LKR 25,000.00",19%,60,no,no,self employment,"LKR 4,200.00",no,no,ok,no,no,no,no,approved
1/1405,11227,no,LKR 100.00,long term,01/09/1996,Business purposes,"LKR 25,000.00",19%,60,no,no,businessman,"LKR 4,500.00",no,3266,ok,no,no,no,no,approved
1/1191,11173,no,no,Consumer,04/09/1996,Construction,"LKR 10,000.00",20%,60,no,no,businessman,no,no,no,ok,no,no,no,no,approved
1/3992,2116,no,LKR 100.00,long term,19/08/2020,contruction repair ,"LKR 250,000.00",14%,60,no,no,gem ,"LKR 35,000.00",no,10000,ok,no,no,no,no,approved
1/4000,12126,no,LKR 100.00,long term,12/10/2020,contruction repair ,"LKR 250,000.00",14%,60,no,no,sallon,"LKR 65,000.00",no,35000,ok,no,no,no,no,approved
10/1146,12143,no,LKR 100.00,long term,09/11/2021,contruction repair ,"LKR 250,000.00",13%,60,no,no,sales person,"LKR 40,000.00",no,16666,ok,no,no,no,no,approved
43-787,4797,no,"LKR 5,000.00",below 25000,06/01/2015,Tea farming,"LKR 10,000.00",8%,12,"LKR 2,000.00",no,tea farming,no,no,no,ok,ok,ok,ok,yes,approved
2-2299,5156,no,"LKR 2,500.00",below 25000,04/06/2015,disaster loan,"LKR 15,000.00",8%,18,"LKR 12,000.00",no,clothing fctory,no,no,no,ok,ok,ok,ok,yes,approved
26-426,5170,26/117-15117,"LKR 4,500.00",below 25000,11/06/2015,consumer loan,"LKR 10,000.00",8%,12,"LKR 20,000.00",no,farming ,no,no,no,ok,ok,ok,no,yes,approved
31-2080,5177,31/02-15347,"LKR 4,500.00",below 25000,20156-17,for farming,"LKR 10,000.00",8%,12,"LKR 45,000.00",no,Farmimg,no,no,no,ok,ok,ok,ok,yes,approved
6-144,5178,6/29-15029,"LKR 5,000.00",below 25000,17/06/2015,eductaion purpose,"LKR 10,000.00",8%,12,LKR 600.50,no,hired work,no,no,no,ok,ok,ok,ok,yes,approved
25-2476,5195,25/110-15224,"LKR 2,500.00",below 25000,22/06/2015,farming,"LKR 10,000.00",8%,12,"LKR 3,000.00",no,farmimg,no,no,no,ok,ok,ok,ok,yes,approved
2-2298,5173,2/153910,"LKR 4,050.00",below 25000,08/06/2015,consumer loan,"LKR 7,500.00",8%,8,LKR 250.00,no,job,no,no,no,ok,ok,ok,ok,yes,approved
45-821,5174,45/15378,"LKR 2,500.00",below 25000,08/06/2015,consumer loan,"LKR 10,000.00",8%,12,LKR 800.00,no,sewing,no,no,no,ok,ok,ok,ok,yes,approved
7-152,5171,7/32/15032,"LKR 2,700.00",below 25000,05/06/2015,consumer loan,"LKR 10,000.00",8%,12,LKR 120.00,no,farming ,no,no,no,ok,ok,ok,ok,yes,approved
2-1996,5172,45/15340,"LKR 2,500.00",below 25000,08/06/2015,consumer loan,"LKR 10,000.00",8%,12,LKR 600.00,no,hired work,no,no,no,ok,ok,ok,ok,yes,approved
39-1798,5192,39/15189,"LKR 4,500.00",above 25000,29/06/2015,business,"LKR 45,000.00",8%,36,"LKR 5,000.00",no,business,no,no,no,ok,ok,ok,ok,yes,approved
13-3176,5140,13/15489,"LKR 4,500.00",above 25000,08/06/2015,business,"LKR 50,000.00",8%,12,"LKR 12,000.00",no,business,no,no,no,ok,ok,ok,ok,yes,approved
49-3199,5170,49/15492,"LKR 4,500.00",above 25000,16/06/2015,mobile business,"LKR 25,000.00",8%,36,"LKR 2,000.00",no,tea farming,no,no,no,pk,ok,ok,no,yes,approved
25-2702,5175,25/15224,"LKR 5,000.00",above 25000,16/06/2015,electricity,"LKR 50,000.00",8%,36,"LKR 4,782.00",no,farming ,no,no,no,ok,ok,ok,ok,yes,approved
25-3350,5133,15514,"LKR 2,500.00",above 25000,23/06/2015,mobile business,"LKR 25,000.00",8%,24,"LKR 2,100.00",no,farming ,no,no,no,ok,ok,ok,ok,yes,approved
25-3348,5134,15514,"LKR 2,500.00",above 25000,23/06/2015,mobile business,"LKR 25,000.00",8%,24,"LKR 2,343.00",no,business,no,no,no,ok,ok,ok,ok,yes,approved
25-398,5157,15223,"LKR 4,790.00",above 25000,26/06/2015,housing loan,"LKR 35,000.00",8%,24,"LKR 10,000.00",no,farmimhg,no,no,no,ok,ok,ok,ok,yes,approved
21-337,5135,15098,"LKR 4,050.00",above 25000,08/06/2015,mobile business,"LKR 40,000.00",8%,36,"LKR 5,000.00",no,business,no,no,no,ok,ok,ok,ok,yes,approved
39-727,5190,39/15189,"LKR 2,500.00",above 25000,29/06/2015,to buy fertilisers,"LKR 25,000.00",8%,24,"LKR 1,317.00",no,farmimg,no,no,no,ok,ok,ok,ok,yes,approved
40-3267,5162,40/3267,"LKR 2,500.00",above 25000,18/06/2015,mobile business,"LKR 25,000.00",8%,36,LKR 368.40,no,business,no,no,no,ok,ok,ok,ok,yes,approved
42-1058,5160,42/5273,"LKR 4,100.00",above 25000,18/06/2015,sewing business,"LKR 45,000.00",8%,36,"LKR 4,367.74",no,business,no,no,no,ok,ok,ok,ok,yes,approved
42-2390,5163,42/15273,"LKR 4,500.00",above 25000,18/06/2015,sewing business,"LKR 45,000.00",8%,36,LKR 204.97,yes,business,no,no,no,ok,ok,ok,ok,yes,approved
42-1060,5161,42/15273,"LKR 4,600.00",above 25000,18/06/2015,mobile business,"LKR 45,000.00",8%,36,LKR 602.00,yes,business,no,no,no,ok,ok,ok,ok,yes,approved
39-2992,5159,39/189,"LKR 2,500.00",above 25000,11/06/2015,spices business,"LKR 25,000.00",8%,36,"LKR 1,507.19",yes,business,no,no,no,ok,ok,ok,ok,yes,approved
41-0745,5149,41/15111,"LKR 5,120.00",housing laon,09/06/2015,housing loan,"LKR 45,000.00",8%,36,LKR 877.45,no,farmimg,no,no,no,ok,ok,ok,ok,yes,approved
40/2559,5144,40/15430,"LKR 2,800.00",above 25000,08/06/2015,to buy fertilisers,"LKR 25,000.00",8%,36,"LKR 8,471.07",yes,farmimhg,no,no,no,ok,ok,ok,ok,yes,approved
13-3064,5167,13/15478,"LKR 2,500.00",below 25000,15/06/2015,chiken farm,"LKR 25,000.00",8%,24,LKR 800.00,no,hired work,no,no,no,ok,ok,ok,ok,yes,approved
14-275,5141,15063,"LKR 6,050.00",above 25000,05/06/2015,clothing business,"LKR 40,000.00",8%,36,"LKR 45,000.00",no,business,no,no,no,ok,ok,ok,ok,yes,approved
12-246,5142,12/58-15057,"LKR 3,500.00",below 25000,08/06/2015,to buy a cow,"LKR 25,000.00",8%,36,LKR 600.50,no,farming ,no,no,no,ok,ok,ok,ok,yes,approved
13-3067,5168,13-15478,"LKR 2,500.00",below 25000,23/06/2015,to buy a cow,"LKR 25,000.00",8%,24,"LKR 3,000.00",no,hired work,no,no,no,ok,ok,ok,ok,yes,approved
14-275,5188,12-15057,"LKR 4,000.00",above 25000,24/06/2015,vegetable business,"LKR 30,000.00",8%,36,LKR 250.00,no,business,no,no,no,ok,ok,ok,ok,yes,approved
37-1103,5147,02-15338,"LKR 3,070.00",below 25000,05/06/2015,mobile business,"LKR 25,000.00",8%,36,LKR 800.00,no,hired work,no,no,no,ok,ok,ok,ok,yes,approved
36-2935,5146,36-15462,"LKR 3,000.00",below 25000,06/08/2015,mobile business,"LKR 25,000.00",8%,36,LKR 120.00,no,business,no,no,no,ok,ok,ok,ok,yes,approved
37-2744,5179,37-15260,"LKR 1,700.00",below 25000,26/06/2015,jaggery manufacturing,"LKR 25,000.00",8%,24,"LKR 5,000.00",no,business,no,no,no,ok,ok,ok,ok,yes,approved
37-684,5180,37-15260,"LKR 3,900.00",above 25000,26/06/2015,business,"LKR 30,000.00",8%,24,"LKR 1,600.00",no,business,no,no,no,ok,ok,ok,ok,yes,approved
37-2466,5181,37-15260,"LKR 2,060.00",below 25000,26/06/2015,business,"LKR 20,000.00",8%,24,LKR 712.30,no,farming ,no,no,no,ok,ok,ok,ok,yes,approved
37-646,5196,37-15261,"LKR 5,450.00",above 25000,29/06/2015,to buy land,"LKR 50,000.00",8%,36,LKR 500.00,no,farming ,no,no,no,ok,ok,ok,ok,yes,approved
18-953,5116,18-15084,"LKR 3,000.00",below 25000,18/06/2015,to buy fabric,"LKR 20,000.00",8%,24,LKR 340.00,no,sewing clothes,no,no,no,pok,ok,ok,ok,yes,approved
16-3340,5154,18-15513,"LKR 2,500.00",above 25000,09/06/2015,goat farm,"LKR 25,000.00",8%,36,"LKR 2,000.00",no,farming ,no,no,no,ok,ok,ok,ok,yes,approved
16-2896,5153,16-513,"LKR 2,700.00",above 25000,09/06/2015,goat farm,"LKR 25,000.00",8%,36,LKR 430.00,no,farming ,no,no,no,ok,ok,ok,ok,yes,approved
18-952,5194,18-15086,"LKR 5,300.00",above 25000,29/06/2015,farming,"LKR 50,000.00",8%,36,"LKR 2,104.00",no,hired work,no,no,no,ok,ok,ok,ok,yes,approved
26/417,5130,26-15115,"LKR 5,705.00",above 25000,08/06/2015,vegetable business,"LKR 25,000.00",8%,12,LKR 405.00,no,business,no,no,no,ok,ok,ok,no,yes,approved
26/416,5083,26-15115,"LKR 2,500.00",above 25000,15/06/2015,mushroom farming,"LKR 25,000.00",8%,12,"LKR 1,004.00",yes,business,no,no,no,ok,ok,ok,ok,yes,approved
6-3044,5131,6-15471,"LKR 2,500.00",below 25000,08/06/2015,goat farm,"LKR 25,000.00",8%,36,"LKR 3,667.00",yes,hired work,no,no,no,ok,ok,ok,ok,yes,approved
9-1999,5164,9-15346,"LKR 9,000.00",below 25000,15/06/2015,fertiliser,"LKR 25,000.00",8%,36,"LKR 17,015.00",no,farming ,no,no,no,ok,ok,ok,ok,yes,approved
6-3094,5169,6-1548,"LKR 1,600.00",below 25000,24/06/2015,goat farm,"LKR 15,000.00",8%,24,"LKR 4,135.00",no,hired work,no,no,no,ok,ok,ok,ok,yes,approved
20046,5148,2-15370,"LKR 2,500.00",above 25000,09/06/2015,housing loan,"LKR 50,000.00",8%,36,LKR 121.11,no,tea business,no,no,no,ok,ok,ok,ok,yes,approved
3-3260,5165,3-15503,"LKR 2,500.00",below 25000,11/01/2015,chiken farm,"LKR 25,000.00",8%,24,LKR 598.95,yes,business,no,no,no,ok,ok,ok,ok,yes,approved
3-3263,5145,3-15503,"LKR 2,500.00",below 25000,11/06/2015,sewing business,"LKR 25,000.00",8%,24,LKR 500.00,yes,sewing,no,no,no,ok,ok,ok,ok,yes,approved
4-1772,5166,4-15301,"LKR 2,500.00",below 25000,16/06/2015,reovate business,"LKR 25,000.00",8%,24,"LKR 4,890.00",yes,mobile business,no,no,no,ok,ok,ok,ok,yes,approved
3-2698,5150,3-15373,"LKR 2,550.00",below 25000,24/06/2015,canteen business,"LKR 25,000.00",8%,24,LKR 453.00,no,canteen business,no,no,no,ok,ok,ok,ok,yes,approved
3-2696,5151,3-15373,"LKR 2,550.00",below 25000,24/06/2015,vegetable business,"LKR 25,000.00",8%,24,LKR 790.00,no,business,no,no,97250,ok,ok,ok,ok,yes,approved
4-1496,5185,4-15279,"LKR 4,150.00",above 25000,25/06/2015,mobile business,"LKR 40,000.00",8%,24,"LKR 1,340.00",no,business,"LKR 12,000.00",no,19500,ok,ok,ok,ok,yes,approved
35-2464,9214,35-15213,"LKR 8,000.00",consumer loan,13/02/2025,mobile business,"LKR 50,000.00",15%,30,"LKR 5,900.00",no,hired work,no,no,34800,ok,ok,ok0,ok,yes,approved
9-4029,8447,9-15346,"LKR 2,500.00",consumer loan,07/02/2025,mortgage ,"LKR 50,000.00",15%,30,"LKR 3,200.00",no,job,no,no,no,ok,ok,ok,ok,yes,approved
18-944,8327,18-15449,"LKR 22,000.00",sampatha,05/08/2024,housing loan,"LKR 300,000.00",15%,60,"LKR 8,000.00",no,job,no,no,4285,ok,ok,ok,ok,yes,approved
8-1988,8448,8-15336,"LKR 3,000.00",consumer loan,27/02/2025,mortgage ,"LKR 40,000.00",15%,30,"LKR 2,100.00",no,farming ,no,no,no,ok,ok,ok,ok,yes,approved
1-1374,9134,1-15001,"LKR 25,000.00",lifestyle loan,10/02/2025,Tea farming,"LKR 250,000.00",14%,56,LKR 200.00,no,business,no,no,no,ok,ok,ok,ok,yes,approved
36-3989,8630,36-15414,"LKR 10,500.00",lifestyle loan,04/12/2024,fertiliser,"LKR 100,000.00",14%,48,LKR 380.00,no,farmimg,"LKR 20,000.00",no,no,ok,ok,ok,ok,yes,approved
37-15210,8635,37-15212,"LKR 10,000.00",lifestyle loan,05/12/2024,mobile business,"LKR 100,000.00",14%,48,"LKR 7,000.00",no,business,"LKR 15,000.00",no,36200,ok,ok,ok,ok,yes,approved
8-60436,8645,8-15344,"LKR 10,000.00",lifestyle loan,20/02/2025,Tea farming,"LKR 100,000.00",14%,48,"LKR 2,400.00",no,farmimg,"LKR 50,000.00",no,78500,ok,ok,ok,ok,yes,approved
23-2444,8328,23-15491,"LKR 24,150.00",sampatha,10/10/2024,household work,"LKR 400,000.00",15%,60,LKR 600.50,no,self employment,"LKR 75,000.00",no,34000,ok,ok,ok,ok,yes,approved
8-972,9229,8-15363,"LKR 6,700.00",consumer loan,27/02/2025,to  buy puwak,"LKR 50,000.00",15%,27,"LKR 3,500.00",no,business,no,no,21500,ok,ok,ok,ok,yes,approved
42-3128,8636,44-15490,"LKR 24,000.00",lifestyle loan,15/01/2025,business,"LKR 50,000.00",14%,60,LKR 250.00,no,business,"LKR 25,000.00",no,26800,ok,ok,ok,ok,yes,approved
8-60445,8638,8-15441,"LKR 10,000.00",sewing ,19/12/2025,business,"LKR 100,000.00",14%,48,LKR 800.00,no,business,"LKR 170,000.00",no,41500,ok,ok,ok,ok,yes,approved
4-3763,8632,4-15534,"LKR 10,000.00",lifestyle loan,15/01/2025,business,"LKR 100,000.00",14%,48,LKR 120.00,yes,business,"LKR 130,000.00",no,13200,ok,ok,ok,ok,yes,approved
8-1848,8450,8-10300,"LKR 5,000.00",consumer loan,13/02/2025,mortgage ,"LKR 50,000.00",15%,30,LKR 600.00,yes,household farm,no,no,no,ok,ok,ok,ok,yes,approved
2-2173,8452,2-15072,"LKR 4,000.00",consumer loan,14/02/2025,to buy consumer goods,"LKR 10,000.00",15%,24,LKR 250.00,no,hired work,no,no,no,ok,ok,ok,ok,yes,approved
20-60447,25,,"LKR 10,000.00",lakjaya,19/02/2025,mobile business,"LKR 250,000.00",15%,56,LKR 800.00,no,business,"LKR 370,000.00",no,no,ok,ok,ok,ok,yes,approved
28-2433,8637,28-2433,"LKR 21,400.00",chakrya,19/02/2025,fertiliser,"LKR 150,000.00",10%,56,"LKR 3,000.00",no,farmimg,"LKR 25,000.00",no,no,ok,ok,ok,ok,yes,approved
28-60015,8186,28-15126,"LKR 15,000.00",chakrya,19/02/2025,pepper farm,"LKR 150,000.00",14%,56,LKR 800.00,no,farmimhg,"LKR 200,000.00",no,no,ok,ok,ok,ok,yes,approved
40-60153,8037,40-154359,"LKR 8,000.00",lifestyle loan,30/01/2025,mobile business,"LKR 100,000.00",14%,48,"LKR 3,667.00",no,business,"LKR 40,000.00",no,36000,ok,ok,ok,ok,yes,approved
13-3536,8415,13-15461,"LKR 3,000.00",lifestyle loan,16/03/2022,cloth manufacturing,"LKR 50,000.00",8%,30,"LKR 17,015.00",no,business,"LKR 10,000.00",no,18750,ok,ok,ok,ok,yes,approved
31-3681,8420,31-15529,inactive,above 25000,30/03/2022,pepper farm,"LKR 25,000.00",8%,30,"LKR 4,135.00",no,farm,"LKR 15,000.00",no,34500,ok,ok,ok,ok,yes,rejected
17-3450,8455,17-15520,"LKR 75,000.00",lifestyle loan,30/03/2022,fertiliser,"LKR 75,000.00",8%,48,LKR 121.11,no,farm,"LKR 10,000.00",no,25500,ok,ok,ok,ok,yes,approved
41-759,8448,41-15199,"LKR 12,020.00",lifestyle loan,10/03/2022,land ,"LKR 100,000.00",8%,48,LKR 598.95,no,farm,"LKR 8,000.00",no,36000,ok,ok,ok,ok,yes,approved
6-144,8115,6-15026,"LKR 20,000.00",consumer loan,20/11/2020,house reno ,"LKR 200,000.00",10%,60,LKR 50.00,no,job,"LKR 15,000.00",no,18750,ok,ok,ok,ok,yes,approved
28-2947,8060,28-15507,"LKR 10,000.00",consumer loan,23/09/2020,house loan,"LKR 100,000.00",10%,48,"LKR 1,002.00",no,farmimg,"LKR 15,000.00",no,34500,ok,ok,ok,ok,yes,approved
4-2436,8697,4-15301,"LKR 14,950.00",lifestyle loan,30/11/2020,chiken farm,"LKR 150,000.00",8%,48,"LKR 3,511.00",no,farmimhg,"LKR 130,000.00",no,no,ok,pok,ok,ok,yes,approved
4-1794,8099,4-15301,"LKR 18,000.00",lifestyle loan,19/10/2020,consumer goods business,"LKR 150,000.00",8%,48,"LKR 1,000.00",no,business,"LKR 34,540.00",no,1500,ok,ok,ok,ok,yes,approved
30-3701,8249,30-15398,"LKR 8,000.00",lifestyle loan,16/08/2021,pepper farm,"LKR 50,000.00",8%,30,"LKR 4,044.94",no,farmimhg,"LKR 35,000.00",no,11800,ok,ok,ok,ok,yes,approved
39-2992,8251,39-15189,"LKR 7,500.00",lifestyle loan,17/08/2021,Tea farming,"LKR 75,000.00",8%,48,"LKR 58,331.15",no,farmimg,"LKR 15,000.00",no,12900,ok,ok,ok,ok,yes,approved
27-4011,8185,21-15403,"LKR 5,400.00",lifestyle loan,15/03/2021,pepper farm,"LKR 25,000.00",8%,36,"LKR 1,317.00",no,business,"LKR 3,600.00",no,no,ok,ok,ok,ok,yes,approved
1-3512,8209,1-15524,"LKR 6,000.00",lifestyle loan,30/03/2021,Tea farming,"LKR 50,000.00",8%,36,LKR 368.40,no,farmimg,"LKR 8,000.00",no,no,ok,ok,ok,ok,yes,approved
1-0016,8192,1-15004,"LKR 10,000.00",lifestyle loan,18/03/2021,Tea farming,"LKR 100,000.00",8%,36,"LKR 4,367.74",no,policeman,"LKR 47,169.00",no,no,ok,ok,ok,ok,yes,approved
37-2578,8195,37-15441,"LKR 20,000.00",lifestyle loan,26/03/2021,business,"LKR 200,000.00",8%,60,LKR 204.97,yes,business,"LKR 30,000.00",no,no,ok,ok,ok,ok,yes,approved
37-1863,8194,37-15317,"LKR 10,000.00",consumer loan,18/03/2021,reovate business,"LKR 100,000.00",9%,48,LKR 602.00,no,business,"LKR 18,000.00",,25500,ok,ok,ok,ok,yes,approved
26-3734,8183,26-15533,"LKR 7,500.00",lifestyle loan,09/03/2021,manufacturing,"LKR 75,000.00",8%,48,"LKR 1,507.19",no,business,"LKR 30,000.00","LKR 15,000.00",1250,ok,ok,ok,ok,yes,approved
27-1751,8189,27-15403,"LKR 10,210.00",consumer loan,19/03/2021,renovation,"LKR 100,000.00",9%,48,LKR 121.11,no,job,"LKR 20,000.00",,5400,ok,ok,ok,ok,yes,approved
26-424,8187,26-15116,"LKR 10,100.00",consumer loan,09/03/2021,house loan,"LKR 100,000.00",9%,48,LKR 598.95,no,farming ,"LKR 25,000.00","LKR 5,000.00",10800,ok,ok,ok,ok,yes,approved
31-3682,8179,31-153298,"LKR 5,000.00",lifestyle loan,29/01/2021,pepper farm,"LKR 25,000.00",8%,36,LKR 50.00,no,farming ,"LKR 20,000.00","LKR 10,000.00",no,ok,ok,ok,ok,yes,approved
35-3713,8180,35-15532,"LKR 5,200.00",lifestyle loan,09/01/2021,Tea farming,"LKR 50,000.00",8%,36,LKR 790.00,no,farmimg,"LKR 7,500.00","LKR 20,000.00",3500,ok,ok,ok,ok,yes,approved
39-2396,8178,39-15410,"LKR 7,500.00",lifestyle loan,27/01/2021,Tea farming,"LKR 50,000.00",8%,36,"LKR 17,015.00",no,farmimg,"LKR 2,000.00","LKR 8,000.00",no,ok,ok,ok,ok,yes,approved
37-643,8254,37-15259,"LKR 11,080.00",consumer loan,16/07/2021,house renovate,"LKR 10,000.00",9%,48,"LKR 2,400.00",no,job,"LKR 8,000.00",no,9500,ok,ok,ok,ok,yes,approved
30-0536,8240,30-15391,"LKR 10,085.00",consumer loan,18/05/2021,house loann,"LKR 100,000.00",9%,48,LKR 500.00,no,farmimg,no,no,91500,ok,ok,ok,ok,yes,approved
27-3732,8184,27-15374,"LKR 5,000.00",lifestyle loan,09/03/2021,business,"LKR 50,000.00",8%,36,"LKR 3,667.00",no,business,"LKR 40,000.00","LKR 35,000.00",17250,ok,ok,ok,ok,yes,approved
21-3135,8197,21-15100,"LKR 5,500.00",lifestyle loan,29/03/2021,mushroom farming,"LKR 50,000.00",8%,36,"LKR 8,000.00",no,business,"LKR 5,000.00","LKR 32,000.00",32500,ok,ok,ok,ok,yes,approved
26-2387,8182,26-15533,"LKR 15,000.00",lifestyle loan,15/03/2021,cow farm,"LKR 150,000.00",8%,48,LKR 121.11,no,business,"LKR 35,000.00","LKR 25,000.00",no,ok,ok,ok,ok,yes,approved
14-1526,8317,14-15165,"LKR 10,660.00",lifestyle loan,19/11/2021,pepper farm,"LKR 50,000.00",8%,30,"LKR 4,890.00",no,farmimg,"LKR 5,000.00","LKR 4,000.00",40200,ok,ok,ok,ok,yes,approved
17-3898,8315,17-15550,"LKR 2,500.00",lifestyle loan,19/11/2021,flower business,"LKR 25,000.00",8%,30,LKR 380.00,no,business,"LKR 15,000.00","LKR 20,000.00",34850,ok,ok,ok,ok,yes,approved
3-3308,8309,3-15107,"LKR 5,000.00",lifestyle loan,19/11/2021,pepper farm,"LKR 50,000.00",8%,30,"LKR 5,900.00",no,farmimg,"LKR 50,000.00",no,76000,ok,ok,ok,ok,yes,approved
39-1798,8245,39-15189,"LKR 23,422.00",lifestyle loan,26/07/2021,business,"LKR 100,000.00",8%,48,LKR 200.00,no,business,"LKR 7,000.00","LKR 8,000.00",35500,ok,ok,ok,ok,yes,approved
34-617,8248,34-15265,"LKR 5,000.00",lifestyle loan,26/07/2021,vegetable business,"LKR 50,000.00",8%,36,"LKR 4,135.00",no,business,"LKR 15,000.00","LKR 6,000.00",22400,ok,ok,ok,ok,yes,approved
4-2379,8307,4-1522,"LKR 13,850.00",lifestyle loan,17/11/2021,cloth business,"LKR 50,000.00",8%,30,"LKR 7,000.00",yes,business,"LKR 30,000.00",no,24300,ok,ok,ok,ok,yes,approved
40-36198,8312,40-15190,"LKR 11,000.00",lifestyle loan,23/11/2021,business,"LKR 100,000.00",8%,48,"LKR 1,340.00",no,business,"LKR 10,000.00","LKR 5,000.00",38900,ok,ok,ok,ok,yes,approved
14-410,8295,14-15064,"LKR 43,887.00",lifestyle loan,22/10/2021,factory,"LKR 100,000.00",8%,48,LKR 598.95,yes,factory,"LKR 5,000.00",no,no,ok,ok,ok,ok,yes,approved
40-730,8296,40-15192,"LKR 11,000.00",lifestyle loan,26/10/2021,Tea farming,"LKR 100,000.00",8%,48,"LKR 3,200.00",no,farmimg,"LKR 5,000.00","LKR 8,000.00",no,ok,ok,ok,ok,yes,approved
31-2084,8283,31-15347,"LKR 39,480.00",consumer loan,22/10/2021,house loan,"LKR 100,000.00",8%,48,"LKR 2,100.00",no,no job,,nno,no,ok,ok,ok,ok,yes,approved
1-1403,8193,1-15005,"LKR 5,000.00",consumer loan,23/03/2021,house loan ,"LKR 50,000.00",8%,36,LKR 453.00,no,farmimg,"LKR 20,000.00","LKR 15,000.00",no,ok,ok,ok,ok,yes,approved
40-2637,8290,40-15430,"LKR 10,000.00",lifestyle loan,26/10/2021,Tea farming,"LKR 100,000.00",8%,48,"LKR 1,317.00",no,farming ,"LKR 5,000.00","LKR 1,000.00",no,ok,ok,ok,ok,yes,approved
40-2762,9429,40-15457,inactive,lifestyle loan,03/10/2025,to make a hotel,"LKR 450,000.00",8%,48,"LKR 4,135.00",no,business,"LKR 85,000.00","LKR 20,000.00",no,ok,ok,ok,ok,yes,rejected
20-60225,9438,20-154361,inactive,lifestyle loan,24/11/2025,Tea farming,"LKR 150,000.00",8%,48,"LKR 58,331.15",no,fari9img,"LKR 40,000.00","LKR 20,000.00",no,ok,ok,ok,ok,yes,rejected
25-60510,9447,25--15224,inactive,lifestyle loan,10/10/2025,cloth shop ,"LKR 100,000.00",8%,48,LKR 513.00,no,business,"LKR 160,000.00","LKR 10,000.00",no,ok,ok,ok,ok,yes,rejected
13-2383,9446,no,no,lifestyle loan,07/10/2025,business,"LKR 200,000.00",8%,48,"LKR 3,208.00",no,business,"LKR 80,000.00","LKR 40,000.00",no,ok,ok,ok,ok,yes,rejected
6-60505,9404,no,"LKR 40,000.00",lakjaya,03/09/2025,business,"LKR 1,000,000.00",13%,72,LKR 121.11,no,business,"LKR 120,000.00","LKR 6,000.00",no,ok,ok,ok,ok,yes,approved
14-60080,9384,14-15063,"LKR 10,300.00",lifestyle loan,10/08/2025,Tea farming,"LKR 300,000.00",12%,48,LKR 877.45,no,farmimhg,"LKR 30,000.00","LKR 30,000.00",no,ok,ok,ok,ok,yes,approved
13-1564,9383,,"LKR 48,500.00",lakjaya,14/10/2025,mushroom farming,"LKR 750,000.00",13%,72,"LKR 1,002.00",no,farmimg,"LKR 150,000.00","LKR 50,000.00",no,ok,ok,ok,ok,yes,approved
39-2043,9412,39-15343,"LKR 10,000.00",below 25000,10/08/2025,home renovate,"LKR 25,000.00",13%,24,LKR 949.12,no,farmimhg,"LKR 30,000.00","LKR 40,000.00",no,ok,ok,ok,ok,yes,approved
1-3769,8503,1-15167,no,consumer loan,27/10/2025,armsgiving ,"LKR 50,000.00",13%,30,"LKR 1,507.19",no,job,"LKR 40,000.00","LKR 50,000.00",no,ok,ok,ok,ok,yes,approved
33-598,8504,33-15268,no,consumer loan,30/10/2025,renovation,"LKR 25,000.00",13%,24,LKR 204.97,no,farmimhg,"LKR 160,000.00","LKR 50,000.01",10200,ok,ok,ok,ok,yes,approved
12-3180,8712,12-15057,"LKR 29,000.00",lifestyle loan,28/10/2025,to buy land,"LKR 500,000.00",12%,36,LKR 602.00,no,farmimg,"LKR 60,000.00","LKR 30,000.00",,ok,ok,ok,ok,yes,approved
22-3623,40,no,"LKR 25,000.00",lakjaya,03/07/2025,business,"LKR 450,000.00",13%,60,"LKR 3,667.00",no,business,"LKR 45,000.00","LKR 20,000.00",84500,ok,ok,ok,ok,yes,approved
8-12396,8688,8-15363,"LKR 40,550.00",lifestyle loan,28/07/2025,to buy spare parts,"LKR 200,000.00",12%,52,"LKR 1,196.00",no,business,"LKR 100,000.00",,18800,ok,ok,ok,ok,yes,approved
36-1233,8334,36-15282,no,sampatha,08/07/2025,house loan,"LKR 300,000.00",13%,60,"LKR 4,367.74",no,hired work,"LKR 25,000.00",,35700,ok,ok,ok,ok,yes,approved
37-15261,8195,37-15261,"LKR 20,000.00",chakrya,28/07/2025,sewing business,"LKR 200,000.00",10%,56,LKR 608.00,no,business,"LKR 45,000.00","LKR 15,000.00",no,ok,ok,ok,ok,yes,approved
8-60485,43,no,"LKR 25,000.00",lakjaya,31/07/2025,business,"LKR 475,000.00",13%,60,LKR 50.00,yes,business,"LKR 950,000.00","LKR 100,000.00",43900,ok,ok,ok,ok,yes,approved
7-60452,9362,,"LKR 24,000.00",lakjaya,24/07/2025,business,"LKR 475,000.00",13%,60,"LKR 17,015.00",yes,business,"LKR 700,000.00",no,37100,ok,ok,ok,ok,yes,approved
02-2297,9346,002-15396,no,below 25000,03/06/2025,renovation,"LKR 25,000.00",13%,24,"LKR 1,048.00",no,contruction,no,no,79200,ok,ok,ok,ok,yes,approved
36-1857,8391,36-15315,"LKR 30,360.00",disaster,31/07/2025,renoivation,"LKR 25,000.00",13%,24,LKR 863.20,yes,job,"LKR 35,000.00",no,36800,ok,ok,ok,ok,yes,approved
37-60180,9348,37-15261,no,disaster,09/07/2025,farming,"LKR 25,000.00",13%,24,"LKR 4,044.94",no,farmimg,"LKR 15,000.00",no,21200,ok,ok,ok,ok,yes,approved
27/2672,5660,27-15445,no,below 25000,15/04/2002,Construction repar,"LKR 15,000",8%,18,"LKR 3,511.00",no,Driver,"LKR 130,000.00",no,25900,ok,ok,ok,ok,yes,approved
20330,5059,20-94,no,below 25000,15/04/2001,Construction repar,"LKR 15,000",8%,18,"LKR 5,073.00",no,farmer,"LKR 34,540.00",no,42100,ok,ok,ok,ok,yes,approved
08/186,5025,15-336,no,below 25000,15/04/2021,disaster loan,"LKR 10,000",8%,12,LKR 784.10,no,farmer,"LKR 35,000.00",no,12750,ok,ok,ok,ok,yes,approved
21/344,5045,n,no,below 25000,15/04/2009,Construction repar,"LKR 15,000",8%,18,"LKR 1,000.00",yes,farmer,"LKR 15,000.00",no,35100,ok,ok,ok,ok,yes,approved
22/2322,5063,22-15399,"LKR 1,500.00",above 25000,15/04/2006,for buying closthes,"LKR 15,000.00",8%,18,"LKR 2,104.00",yes,entreprener,"LKR 3,600.00",no,18400,ok,ok,ok,ok,yes,approved
19/1816,9082,15-304,"LKR 5,100.00",above 25000,15/04/2006,businees,"LKR 50,000.00",8%,48,LKR 368.40,yes,busineesman,"LKR 8,000.00",no,32900,ok,ok,ok,ok,yes,approved
45/1873,5077,45-15340,"LKR 5,000.00",above 25000,15/04/2006,Construction repar,"LKR 50,000.00",8%,36,LKR 992.55,no,no,"LKR 47,169.00",no,26300,ok,ok,ok,ok,yes,approved
22/0361,5031,15-101,"LKR 3,250.00",above 25000,15/03/2023,Construction repar,"LKR 25,000.00",8%,36,"LKR 1,004.00",no,farming,"LKR 30,000.00",no,1450,ok,ok,ok,ok,yes,approved
37/1501,5089,15-281,"LKR 5,000.00",above 25000,15/04/2006,Construction repar,"LKR 50,000.00",8%,6,"LKR 3,667.00",no,hired working,"LKR 18,000.00",no,12100,ok,ok,ok,ok,yes,approved
21/57,5086,18-2157,no,below 25000,15/04/2006,farmin,"LKR 20,000.00",8%,36,"LKR 1,009.00",no,farming,"LKR 30,000.00",no,13800,ok,ok,ok,ok,yes,approved
31/1016,5022,02-15322,"LKR 5,660.00",above 25000,15/03/2025,businees,"LKR 50,000.00",8%,36,LKR 598.95,no,busimess,"LKR 20,000.00",no,11500,ok,ok,ok,ok,yes,approved
30/1820,5040,30-15391,"LKR 4,000.00",above 25000,15/03/2023,Construction repar,"LKR 45,000.00",8%,36,LKR 405.00,no,farming,"LKR 25,000.00",no,5600,ok,ok,ok,ok,yes,approved
31/1619,5023,02-15322,"LKR 5,610.00",above 25000,15/03/2023,Construction repar,"LKR 50,000.00",8%,36,"LKR 8,471.07",no,usiness,"LKR 20,000.00",no,11000,ok,ok,ok,ok,yes,approved
08/184,4975,08-15320,"LKR 15,000.00",above 25000,15/02/2019,businees,"LKR 150,000.00",8%,24,LKR 405.00,no,businnes,"LKR 7,500.00",no,no,ok,ok,ok,ok,yes,approved
07/017,5073,150-36,"LKR 205,00.00",below 25000,15/04/2006,businees,"LKR 20,000.00",8%,36,"LKR 10,000.00",no,hired job,"LKR 2,000.00",no,3400,ok,ok,ok,ok,yes,approved
48/231,5045,15-275,"LKR 4,105.00",above 25000,15/03/2023,businees,"LKR 40,000.00",8%,36,"LKR 1,600.00",no,businnes,"LKR 8,000.00",no,no,ok,ok,ok,ok,yes,approved
45-1152,5078,15-216,"LKR 3,100.00",above 25000,15/04/2006,businees,"LKR 30,000.00",8%,36,LKR 877.45,no,businnes,"LKR 5,000.00",no,9800,ok,ok,ok,ok,yes,approved
46-841,5090,Feb-04,"LKR 4,000.00",above 25000,15/04/2006,Construction repar,"LKR 30,000.00",8%,24,"LKR 2,343.00",no,farming,"LKR 15,000.00",no,,ok,ok,ok,ok,yes,approved
39-3246,4996,3915343,"LKR 2,500.00",above 25000,15/04/2002,farming,"LKR 25,000.00",8%,36,LKR 430.00,no,farming,"LKR 50,000.00",no,96800,ok,ok,ok,ok,yes,approved
41/1878,5007,15-319,"LKR 10,000.00",above 25000,15/03/2009,Construction repar,"LKR 100,000.00",8%,48,"LKR 45,000.00",no,business,"LKR 7,000.00",no,18100,ok,ok,ok,ok,yes,approved
42/3128,5100,44-15490,"LKR 12,500.00",above 25000,15/04/2021,Construction repar,"LKR 50,000.00",8%,24,"LKR 3,667.00",no,business,"LKR 15,000.00",no,34100,ok,ok,ok,ok,yes,approved
33/598,5113,33-15268,no,below 25000,15/04/2027,businees,"LKR 25,000.00",8%,24,LKR 500.00,no,farm,"LKR 30,000.00",no,no,ok,ok,ok,ok,yes,approved
22/2321,5070,22-15399,"LKR 2,500.00",below 25000,15/04/2006,businees,"LKR 15,000.00",8%,18,LKR 602.00,yes,business,"LKR 10,000.00",no,41700,ok,ok,ok,ok,yes,approved
44/2788,5143,44-15459,"LKR 3,500.00",above 25000,15/05/2025,businees,"LKR 35,000.00",8%,36,"LKR 5,000.00",no,business,"LKR 5,000.00",no,35900,ok,ok,ok,ok,yes,approved
2551,8082,15-043,"LKR 7,500.00",above 25000,20/10/2023,businees,"LKR 50,000.00",4%,12,"LKR 1,317.00",no,business,"LKR 5,000.00",no,77400,ok,ok,ok,ok,yes,approved
2139,8083,15-444,"LKR 10,200.00",above 25000,20/10/2012,businees,"LKR 75,000.00",4%,12,LKR 204.97,no,business,"LKR 18,000.00",no,34700,ok,ok,ok,ok,yes,approved
32/1365,8077,34-15265,"LKR 5,100.00",above 25000,20/10/2008,businees,"LKR 50,000.00",8%,36,LKR 340.00,no,business,"LKR 30,000.00",no,20600,ok,ok,ok,ok,yes,approved
47/2089,8081,49-15219,"LKR 10,030.00",above 25000,20/10/2001,businees,"LKR 50,000.00",8%,36,"LKR 2,104.00",no,business,"LKR 20,000.00",no,25100,ok,ok,ok,ok,yes,approved
48/2143,8068,48-15356,"LKR 5,700.00",above 25000,20/10/2012,farming,"LKR 50,000.00",8%,36,LKR 250.00,no,farming,"LKR 25,000.00",no,40800,ok,ok,ok,ok,yes,approved
47-390,8063,48-15356,"LKR 5,500.00",above 25000,20/10/2012,farming,"LKR 50,000.00",8%,36,"LKR 4,367.74",no,farming,"LKR 15,000.00",no,12100,ok,ok,ok,ok,yes,approved
49/2271,8073,40-15457,"LKR 8,550.00",above 25000,20/10/2009,farming,"LKR 50,000.00",8%,36,"LKR 2,100.00",no,farming,"LKR 50,000.00",no,34600,ok,ok,ok,ok,yes,approved
48-2614,8069,48-15437,"LKR 9,650.00",above 25000,20/10/2009,businees,"LKR 50,000.00",8%,36,"LKR 8,471.07",yes,business,"LKR 7,000.00",no,19250,ok,ok,ok,ok,yes,approved
36-2943,8045,36-15462,"LKR 7,900.00",above 25000,20/10/2009,mobile busioness,"LKR 50,000.00",8%,36,LKR 712.30,yes,business,"LKR 15,000.00",no,33300,ok,ok,ok,ok,yes,approved
34-4060,8065,34-15265,"LKR 5,000.00",above 25000,20/10/2008,baking products,"LKR 50,000.00",8%,30,"LKR 1,507.19",no,business,"LKR 30,000.00",no,25750,ok,ok,ok,ok,yes,approved
43/1970,8071,43-15332,"LKR 13,040.00",above 25000,20/10/2001,businees,"LKR 50,000.00",12%,12,LKR 600.50,no,business,"LKR 31,500.00",no,1600,ok,ok,ok,ok,yes,approved
14-3309,8108,14-15066,"LKR 5,000.00",above 25000,20/10/2028,businees,"LKR 30,000.00",8%,36,"LKR 3,000.00",no,business,"LKR 17,500.00",no,11950,ok,ok,ok,ok,yes,approved
26-3636,8080,26-15533,"LKR 10,200.00",above 25000,20/10/2008,farming,"LKR 50,000.00",8%,36,"LKR 1,004.00",yes,farming,"LKR 29,000.00",no,12600,ok,ok,ok,ok,yes,approved
28-3774,8092,28-15519,"LKR 5,000.00",above 25000,20/10/2026,tea farm,"LKR 50,000.00",8%,36,LKR 120.00,no,farming,"LKR 21,000.00",no,11100,ok,ok,ok,ok,yes,approved
37-3744,8093,37-15474,"LKR 7,500.00",above 25000,20/10/2027,tea farm,"LKR 75,000.00",8%,48,"LKR 2,000.00",no,farming,"LKR 24,500.00",no,5100,ok,ok,ok,ok,yes,approved
44-206,8091,42-15337,"LKR 6,500.00",above 25000,20/10/2029,tea farm,"LKR 50,000.00",8%,36,LKR 368.40,no,farming,"LKR 19,500.00",no,11800,ok,ok,ok,ok,yes,approved
2393,8057,02-15377,"LKR 10,570.00",above 25000,20/10/2029,Construction repar,"LKR 100,000.00",10%,24,LKR 800.00,no,farming,"LKR 7,800.00",no,34200,ok,ok,ok,ok,yes,approved
49-3199,8062,4915,"LKR 10,000.00",above 25000,20/10/2027,tea farm,"LKR 100,000.00",8%,48,"LKR 5,000.00",no,farming,"LKR 2,200.00",no,19600,ok,ok,ok,ok,yes,approved
45-3400,8053,45-15340,"LKR 14,500.00",above 25000,20/10/2016,Construction repar,"LKR 150,000.00",10%,48,LKR 800.00,no,farming,"LKR 8,400.00","LKR 16,500.00",33750,ok,ok,ok,ok,yes,approved
48-2615,8059,48-15437,"LKR 10,000.00",above 25000,20/10/2008,Construction repar,"LKR 100,000.00",10%,36,"LKR 30,000.00",no,farming,"LKR 5,300.00","LKR 1,200.00",24800,ok,ok,ok,ok,yes,approved
26-418,8090,15-533,"LKR 15,000.00",above 25000,20/10/2026,Construction repar,"LKR 75,000.00",10%,36,"LKR 65,000.00",no,farming,"LKR 14,500.00",no,1350,ok,ok,ok,ok,yes,approved
1999,8034,09-15346,"LKR 10,000.00",above 25000,20/10/2008,Construction repar,"LKR 100,000.00",10%,36,"LKR 10,000.00",no,farming,"LKR 52,000.00",no,12500,ok,ok,ok,ok,yes,approved
34-619,8056,15-265,"LKR 4,500.00",above 25000,20/10/2009,Construction repar,"LKR 100,000.00",10%,36,"LKR 3,900.00",no,farming,"LKR 6,800.00",no,13400,ok,ok,ok,ok,yes,approved
34-1933,8055,34-15334,"LKR 15,000.00",above 25000,20/10/2009,Construction repar,"LKR 150,000.00",10%,36,"LKR 20,000.00",no,business,"LKR 15,500.00","LKR 42,000.00",10900,ok,ok,ok,ok,yes,approved
34-2972,8076,34-15334,"LKR 10,000.00",above 25000,20/10/2009,CHICKEN FARM,"LKR 100,000.00",8%,48,"LKR 9,000.00",no,farming,"LKR 28,500.00","LKR 6,800.00",5200,ok,ok,ok,ok,yes,approved
35-2348,8054,15-405,"LKR 30,000.00",above 25000,23/10/2012,Construction repar,"LKR 300,000.00",10%,60,"LKR 10,000.00",no,business,"LKR 10,500.00","LKR 31,500.00",10150,ok,ok,ok,ok,yes,approved
41-1878,8066,41-15319,"LKR 50,000.00",above 25000,20/10/2013,VEHICLE PURCHASE,"LKR 500,000.00",8%,60,"LKR 9,800.00",no,DRIVER,"LKR 4,800.00","LKR 48,000.00",no,ok,ok,ok,ok,yes,approved
45-2784,8022,45-15340,"LKR 31,000.00",above 25000,21/10/2013,Construction repar,"LKR 300,000.00",14,60,"LKR 4,700.00",yes,business,"LKR 5,200.00","LKR 39,000.00",3750,ok,ok,ok,ok,yes,approved
36-2419,9136,36-15414,"LKR 20,000.00",SELF DEVELOPMENT LOAN,25/02/2006,SELLING,"LKR 200,000.00",14,36,"LKR 10,000.00",yes,HIRED WORKING,"LKR 18,500.00","LKR 52,500.00",no,ok,ok,ok,ok,yes,approved
2684,9202,08-15447,"LKR 11,000.00",SELF DEVELOPMENT LOAN,25/02/2021,FARMING,"LKR 100,000.00",14,49,"LKR 2,343.00",yes,farming,"LKR 30,500.00",no,no,ok,ok,ok,ok,yes,approved
2032,9220,01-15369,"LKR 15,000.00",SAMPATHA LOAN,25/02/2001,Construction repar,"LKR 150,000.00",15,57,LKR 430.00,yes,farming,"LKR 20,500.00","LKR 19,500.00",no,ok,ok,ok,ok,yes,approved
26/60420,9156,,"LKR 25,000.00",LAKJAYA,25/02/2017,FARMING,"LKR 250,000.00",15,56,"LKR 45,000.00",yes,farming,"LKR 26,000.00","LKR 11,500.00",no,ok,ok,ok,ok,yes,approved
1901,9177,04-15279,"LKR 11,000.00",SELF DEVELOPMENT LOAN,25/02/2006,businees,"LKR 100,000.00",14,46,"LKR 5,000.00",yes,business,"LKR 16,000.00",,no,ok,ok,ok,ok,yes,approved
3477,9179,,"LKR 20,000.00",SELF DEVELOPMENT LOAN,25/02/2005,FARMING,"LKR 200,000.00",14,57,LKR 368.40,yes,farming,"LKR 48,500.00",,no,ok,ok,ok,ok,yes,approved
36-2109,9135,36-15414,"LKR 10,100.00",SELF DEVELOPMENT LOAN,25/02/2006,businees,"LKR 100,000.00",14,49,"LKR 4,135.00",no,business,"LKR 7,300.00",,no,ok,ok,ok,ok,yes,approved
36-637,9228,36-15209,no,CUSTOMER LOAN,25/02/2024,Construction repar,"LKR 50,000.00",15,25,"LKR 1,004.00",no,njo,"LKR 14,800.00",,no,ok,ok,ok,ok,yes,approved
25082,9212,9-15045,no,CUSTOMER LOAN,25/02/2013,MORGAIGE,"LKR 40,000.00",15,30,"LKR 17,015.00",no,farming,"LKR 31,000.00","LKR 14,500.00",no,ok,ok,ok,ok,yes,approved
25-60387,9193,25-154370,no,CUSTOMER LOAN,25/02/2005,FAR,"LKR 50,000.00",15,30,LKR 800.00,no,farming,"LKR 42,500.00","LKR 1,500.00",no,ok,ok,ok,ok,yes,approved
04-60235,9216,04-54363,"LKR 5,000.00",SELF DEVELOPMENT LOAN,25/02/2020,TO BUY MACHINE,"LKR 50,000.00",14,25,"LKR 12,000.00",no,SEWING,"LKR 4,800.00","LKR 21,000.00",no,ok,ok,ok,ok,yes,approved
27-2671,9209,27-15445,no,CUSTOMER LOAN,25/02/2005,CHILDREN EDUCATION ,"LKR 50,000.00",15,30,LKR 712.30,no,CONSTRUCTION WORKER,"LKR 36,200.00","LKR 18,500.00",no,ok,ok,ok,ok,yes,approved
Sep-60,9195,09-15364,no,CUSTOMER LOAN,25/02/2006,EDUCATION ,"LKR 50,000.00",15,30,LKR 602.00,yes,TEA LEAVES,"LKR 5,500.00","LKR 9,500.00",no,ok,ok,ok,ok,yes,approved
45-1774,9201,45-15378,"LKR 20,250.00",SELF DEVELOPMENT LOAN,25/08/2020,businees,"LKR 200,000.00",14,57,LKR 250.00,no,business,"LKR 14,500.00","LKR 38,000.00",no,ok,ok,ok,ok,yes,approved
01-1374,9194,01-15001,,CUSTOMER LOAN,25/02/2006,MORGAIGE,"LKR 50,000.00",15,31,"LKR 4,782.00",no,SEWING,"LKR 52,000.00","LKR 6,500.00",no,ok,ok,ok,ok,yes,approved
13-60125,9219,13-154356,"LKR 30,000.00",SELF DEVELOPMENT LOAN,25/02/2027,FARM HOUSE,"LKR 150,000.00",14,61,LKR 500.00,no,farming,"LKR 7,300.00","LKR 32,000.00",no,ok,ok,ok,ok,yes,approved
04-60266,9221,4-154363,"LKR 5,000.00",SELF DEVELOPMENT LOAN,25/02/2020,VEGERABLES BUSINESS,"LKR 50,000.00",14,25,"LKR 3,667.00",no,business,"LKR 16,000.00","LKR 48,500.00",no,ok,ok,ok,ok,yes,approved
28-2432,9206,,"LKR 15,000.00",CHAKREEYA NAYA,25/02/2021,FARMING,"LKR 150,000.00",14,57,"LKR 1,317.00",no,FARMING,"LKR 31,500.00","LKR 41,500.00",no,ok,ok,ok,ok,yes,approved
30-60450,9224,,"LKR 22,000.00",LAKJAYA,25/02/2020,businees,"LKR 250,000.00",15,57,"LKR 10,000.00",no,business,"LKR 9,800.00","LKR 53,000.00",no,ok,ok,ok,ok,yes,approved
39-60209,9200,39-154359,"LKR 15,000.00",SELF DEVELOPMENT LOAN,25/02/2020,businees,"LKR 150,000.00",14,57,LKR 405.00,no,Bus Driver,"LKR 5,200.00","LKR 49,999.99",no,ok,ok,ok,ok,yes,approved
36-60210,9199,39-154359,"LKR 15,000.00",SELF DEVELOPMENT LOAN,25/02/2019,businees,"LKR 150,000.00",14,57,"LKR 2,104.00",no,Bus Driver,"LKR 4,900.00","LKR 29,500.00",no,ok,ok,ok,ok,yes,approved
20-330,9225,20-15094,no,CUSTOMER LOAN,25/02/2017,FARMING,"LKR 25,000.00",15,25,LKR 600.50,no,FARMING,no,"LKR 22,000.00",no,ok,ok,ok,ok,yes,approved
04-60237,9217,4-54363,"LKR 10,000.00",SELF DEVELOPMENT LOAN,25/02/2017,businees,"LKR 100,000.00",14,49,"LKR 2,100.00",yes,business,"LKR 23,800.00",no,no,ok,ok,ok,ok,yes,approved
Aug-83,8112,08-15447,no,25000>,20/11/2006,MORGAIGE,"LKR 15,000.00",10,18,"LKR 5,000.00",yes,Army ,"LKR 5,700.00",no,no,ok,ok,ok,ok,yes,approved
Sep-65,8114,09-15364,no,CUSTOMER LOAN,20/11/2009,customer services,"LKR 15,000.00",10,18,LKR 204.97,no,garming,"LKR 97,500.00",no,no,ok,ok,ok,ok,yes,approved
Aug-85,8113,08-15447,no,CUSTOMER LOAN,20/11/2006,Construction repar,"LKR 15,000.00",10,18,"LKR 3,000.00",no,hired working,"LKR 41,000.00",no,no,ok,ok,ok,ok,yes,approved
29-135,8124,15-135,no,CUSTOMER LOAN,20/11/2014,big girl party,"LKR 15,000.00",10,18,LKR 800.00,no,FARMING,"LKR 158,000.00",no,no,ok,ok,ok,ok,yes,approved
38-3505,8123,38-15113,no,CUSTOMER LOAN,20/11/2019,MORGAIGE,"LKR 15,000.00",10,18,LKR 340.00,no,hired working,"LKR 82,500.00",no,no,ok,ok,ok,ok,yes,approved
37-2652,8122,38-15420,no,CUSTOMER LOAN,20/11/2013,MORGAIGE,"LKR 15,000.00",10,18,"LKR 1,600.00",no,no job,"LKR 125,000.00",no,no,ok,ok,ok,ok,yes,approved
Aug-88,8126,,no,CUSTOMER LOAN,20/11/2023,toilet,"LKR 15,000.00",10,18,"LKR 2,000.00",no,farming,"LKR 29,500.00","LKR 5,800.00",20000,ok,ok,ok,ok,yes,approved
19-1814,8127,15-304,no,CUSTOMER LOAN,20/11/2026,Construction repar,"LKR 15,000.00",8,18,"LKR 4,367.74",no,FARMING,"LKR 148,000.00","LKR 31,000.00",130000,ok,ok,ok,ok,yes,approved
35-3566,8128,38-15420,no,CUSTOMER LOAN,20/11/2027,MORGAIGE,"LKR 15,000.00",8,18,LKR 120.00,no,FARMING,"LKR 32,000.00","LKR 51,500.00",40000,ok,ok,ok,ok,yes,approved
38-3052,8129,38-15420,no,CUSTOMER LOAN,20/11/2027,MORGAIGE,"LKR 15,000.00",8,18,LKR 877.45,no,FARMING,"LKR 39,500.00","LKR 39,500.00",40000,ok,ok,ok,ok,yes,approved
39-3123,8121,39-15410,no,CUSTOMER LOAN,20/11/2012,customer services,"LKR 15,000.00",10,18,"LKR 8,471.07",no,hired working,"LKR 165,000.00","LKR 54,000.00",150000,ok,ok,ok,ok,yes,approved
28-2498,8125,28-15130,no,CUSTOMER LOAN,20/11/2019,customer services,"LKR 15,000.00",10,36,"LKR 1,507.19",no,FARMING,"LKR 58,000.00","LKR 50,500.50",70000,ok,ok,ok,ok,yes,approved
19-3645,8104,15-304,"LKR 5,000.00",SELF DEVELOPMENT LOAN,20/11/2026,sewing,"LKR 50,000.00",8,12,"LKR 5,000.00",no,business,"LKR 47,500.00","LKR 28,000.00",48000,ok,ok,ok,ok,yes,approved
Aug-77,8107,14-394,"LKR 7,550.00",Samurdhi Abhimaani,20/10/2006,tea farm,"LKR 50,000.00",4,48,"LKR 2,000.00",no,FARMING,"LKR 102,000.00","LKR 21,500.00",100000,ok,ok,ok,ok,yes,approved
Aug-90,8103,08-1544,"LKR 7,500.00",SELF DEVELOPMENT LOAN,20/11/2006,self funding business,"LKR 75,000.00",8,36,LKR 600.00,no,business,"LKR 26,500.00",no,20000,ok,ok,ok,ok,yes,approved
18-4135,8101,18-15552,no,CUSTOMER LOAN,20/11/2012,FARM HOUSE,"LKR 25,000.00",8,36,"LKR 2,000.00",no,laibours,"LKR 44,000.00","LKR 15,800.00",45000,ok,ok,ok,ok,yes,approved
18-4132,8102,18-5550,no,CUSTOMER LOAN,20/11/2012,FARM HOUSE,"LKR 25,000.00",8,48,LKR 500.00,no,hired working,"LKR 975,000.00","LKR 1,250.00",900000,ok,ok,ok,ok,yes,approved
49-3198,8120,49-15492,"LKR 10,000.00",SELF DEVELOPMENT LOAN,20/11/2017,tea farm,"LKR 100,000.00",8,48,"LKR 3,000.00",no,FARMING,"LKR 38,500.00","LKR 23,000.00",30000,ok,ok,ok,ok,yes,approved
46-1582,8015,46-15330,"LKR 10,000.00",SELF DEVELOPMENT LOAN,20/03/2018,businees,"LKR 100,000.00",12,48,"LKR 6,090.00",no,business,"LKR 6,000.00","LKR 19,000.00",15000,ok,ok,ok,ok,yes,approved
21-344,8018,21-15099,"LKR 10,000.00",SELF DEVELOPMENT LOAN,20/03/2017,self funding business,"LKR 100,000.00",12,48,"LKR 3,400.00",no,business,"LKR 34,000.00","LKR 11,000.00",15000,ok,ok,ok,ok,yes,approved
55-1345,8012,35-15250,"LKR 10,060.00",SELF DEVELOPMENT LOAN,20/03/2018,SEWING AND SELLING,"LKR 100,000.00",12,48,"LKR 4,300.00",no,business,"LKR 4,700.00","LKR 44,500.00",35000,ok,ok,ok,ok,yes,approved
Apr-27,7990,04-15017,"LKR 9,000.00",SELF DEVELOPMENT LOAN,20/03/2019,businees,"LKR 75,000.00",12,24,LKR 999.00,no,business,"LKR 16,500.00","LKR 6,200.00",16000,ok,ok,ok,ok,yes,approved
43-3570,8021,15-201,"LKR 4,000.00",SELF DEVELOPMENT LOAN,20/03/2019,SEWING,"LKR 25,000.00",12,36,LKR 498.00,no,business,"LKR 48,000.00","LKR 33,500.00",50000,ok,ok,ok,ok,yes,approved
30-3862,8008,15-137,"LKR 2,500.00",SELF DEVELOPMENT LOAN,20/03/2018,PEPPER FARMING,"LKR 25,000.00",12,36,LKR 725.00,no,FARMING,"LKR 6,500.00","LKR 55,000.00",50000,ok,ok,ok,ok,yes,approved
29-1013,8009,15-137,"LKR 3,750.00",SELF DEVELOPMENT LOAN,20/03/2018,PEPPER FARMING,"LKR 25,000.00",12,36,LKR 800.00,no,FARMING,"LKR 14,200.00","LKR 42,000.00",10500,ok,ok,ok,ok,yes,approved
41-3383,7980,41-15389,"LKR 5,000.00",SELF DEVELOPMENT LOAN,20/03/2006,BUY GROCERIES ,"LKR 45,000.00",12,36,LKR 975.00,no,business,"LKR 28,000.00","LKR 47,500.00",no,ok,ok,ok,ok,yes,approved
33-600,7986,35-15268,"LKR 11,380.00",SELF DEVELOPMENT LOAN,20/02/2006,BUSINESS,"LKR 50,000.00",12,48,LKR 900.00,yes,business,"LKR 11,500.00","LKR 50,001.00",3600,ok,ok,ok,ok,yes,approved
Apr-05,7989,4-15279,"LKR 7,600.00",SELF DEVELOPMENT LOAN,20/03/2006,BUSINESS,"LKR 75,000.00",12,36,LKR 123.00,no,business,"LKR 5,800.00","LKR 30,500.00",no,ok,ok,ok,ok,yes,approved
43-3666,7971,43-15540,"LKR 3,000.00",SELF DEVELOPMENT LOAN,20/03/2006,BUSINESS,"LKR 36,000.00",12,36,"LKR 3,000.00",no,business,"LKR 5,400.00","LKR 19,500.00",10100,ok,ok,ok,ok,yes,approved
38-3505,8010,38-15113,"LKR 5,600.00",SELF DEVELOPMENT LOAN,20/08/2013,FARM HOUSE,"LKR 50,000.00",12,36,LKR 200.00,no,BUS,no,,no,ok,ok,ok,ok,yes,approved
36-2759,8020,36-15436,"LKR 5,000.00",SELF DEVELOPMENT LOAN,20/08/2013,BUSINESS,"LKR 50,000.00",12,36,LKR 430.00,no,BUSINESS,"LKR 21,500.00","LKR 16,000.00",no,ok,ok,ok,ok,yes,approved
36-2757,8011,36-15436,"LKR 5,000.00",SELF DEVELOPMENT LOAN,20/08/2013,BUSINESS,"LKR 50,000.00",12,36,LKR 600.00,no,BUSINESS,"LKR 6,200.00",LKR 950.00,no,ok,ok,ok,ok,yes,approved
42-3370,8039,42-15349,"LKR 5,000.00",SELF DEVELOPMENT LOAN,20/08/2025,BUSINESS,"LKR 50,000.00",12,36,"LKR 2,000.00",no,BUSINESS,"LKR 92,000.00","LKR 19,500.00",no,ok,ok,ok,ok,yes,approved
33-601,8014,33-598,"LKR 4,830.00",SELF DEVELOPMENT LOAN,20/08/2026,FARMING,"LKR 30,000.00",12,36,LKR 877.45,no,FARMING,"LKR 43,500.00","LKR 20,500.00",no,ok,ok,ok,ok,yes,approved
41-3616,8041,41-15389,"LKR 5,000.00",SELF DEVELOPMENT LOAN,20/08/2026,FARMIN,"LKR 45,000.00",12,36,LKR 340.00,no,FARMING,"LKR 155,000.00","LKR 10,800.00",no,ok,ok,ok,ok,yes,approved
42-2964,8042,42-15337,"LKR 5,400.00",SELF DEVELOPMENT LOAN,20/08/2028,FARMING,"LKR 50,000.00",12,36,"LKR 8,471.07",no,FARMING,"LKR 78,000.00","LKR 43,000.00",no,ok,ok,ok,ok,yes,approved
43-1998,8040,43-15337,"LKR 7,500.00",SELF DEVELOPMENT LOAN,20/08/2028,FARMING,"LKR 50,000.00",12,36,LKR 120.00,no,FARMING,"LKR 118,000.00","LKR 5,800.00",no,ok,ok,ok,ok,yes,approved
Aug-75,8019,08-15394,"LKR 4,030.00",SELF DEVELOPMENT LOAN,20/08/2026,BUSINESS,"LKR 25,000.00",12,36,"LKR 5,000.00",no,FARMING,"LKR 33,000.00","LKR 31,000.00",no,ok,ok,ok,ok,yes,approved
28-3424,8037,28-15519,"LKR 5,100.00",SELF DEVELOPMENT LOAN,20/08/2027,FARMING,"LKR 50,000.00",12,48,"LKR 1,600.00",yes,FARMING,"LKR 145,000.00",no,no,ok,ok,ok,ok,yes,approved
02-60192,9426,02-154368,"LKR 10,000.00",self,25/11/2025,farming,"LKR 100,000.00",12,30,"LKR 4,367.74",no,farming ,"LKR 31,500.00",no,no,ok,ok,ok,ok,yes,rejected
33-60328,9416,33-154372,no,customer,25/10/2011,morgaige,"LKR 50,000.00",13,24,LKR 800.00,yes,driver,"LKR 42,000.00",no,no,ok,ok,ok,ok,yes,rejected
13-3704,9385,,"LKR 21,000.00",CHAKREEYA,,farming,"LKR 200,000.00",12,20,"LKR 1,507.19",yes,farming ,"LKR 162,000.00",no,no,ok,ok,ok,ok,yes,rejected
26-3647,9418,26-15528,no,customer,25/11/2017,morgaige,"LKR 50,000.00",13,20,"LKR 2,000.00",no,farming ,"LKR 63,000.00",no,no,ok,ok,ok,ok,yes,rejected
28-2463,9417,28-15126,no,customer,25/11/2013,morgaige,"LKR 50,000.00",13,20,"LKR 3,400.00",yes,farming ,"LKR 46,000.00",no,no,ok,ok,ok,ok,yes,rejected
Jun-97,9455,6-15481,no,customer,25/11/2019,morgaige,"LKR 50,000.00",13,20,"LKR 2,800.00",no,farming ,"LKR 98,500.00",no,no,ok,ok,ok,ok,yes,rejected
Aug-98,9456,8-15321,no,customer,25/11/2024,morgaige,"LKR 50,000.00",13,20,LKR 800.00,no,farming ,"LKR 27,000.00",no,no,ok,ok,ok,ok,yes,rejected
30-3551,9457,30-15327,no,customer,25/11/2024,CUSTOMER SERVICES,"LKR 50,000.00",13,20,"LKR 12,000.00",no,farming ,"LKR 43,500.00",no,no,ok,ok,ok,ok,yes,rejected
35-2609,9356,35-15318,no,c,25/11/2019,constr,"LKR 50,000.00",13,20,LKR 712.30,no,HIRED WORKING,"LKR 960,000.00",no,no,ok,ok,ok,ok,yes,rejected
39-3922,9415,39-15541,no,customer,25/11/2007,CUSTOMER SERVICES,"LKR 50,000.00",13,48,LKR 602.00,no,farming ,"LKR 720,000.00",no,no,ok,ok,ok,ok,yes,rejected
Feb-95,9424,2-154368,"LKR 10,000.00",self,25/11/2025,farming,"LKR 100,000.00",12,48,LKR 250.00,no,farming ,"LKR 7,800.00",no,no,ok,ok,ok,ok,yes,rejected
16-60480,9397,16-15173,"LKR 10,000.00",self,25/09/2025,busi,"LKR 100,000.00",12,32,"LKR 4,782.00",no,busi,"LKR 2,2000.00","LKR 51,500.00",40000,ok,ok,ok,ok,yes,rejected
36-2943,9351,36-15462,"LKR 16,400.00",self,25/09/2012,busi,"LKR 150,000.00",12,30,LKR 500.00,yes,busi,"LKR 8,400.00","LKR 39,500.00",30000,ok,ok,ok,ok,yes,rejected
33-60328,9393,33-154372,"LKR 15,000.00",self,25/09/2010,busi,"LKR 150,000.00",12,48,"LKR 3,667.00",no,busi,"LKR 5,300.00",no,30000,ok,ok,ok,ok,yes,rejected
16-2381,9398,16-15422,"LKR 12,000.00",self,25/09/2029,farming,"LKR 100,000.00",12,48,"LKR 30,000.00",no,farming ,"LKR 14,500.00",no,10000,ok,ok,ok,ok,yes,rejected
1/3938,10869,no,LKR 100.00,Consumer,05/04/2025,New year ,"LKR 25,000.00",16%,12,LKR 147.95,y,driver,no,,42150,ok,ok,no,no,yes,approved
1/3552,10871,no,LKR 100.00,Consumer,24/05/2025,Buy water tank,"LKR 20,000.00",17%,12,LKR 470.76,y,Manager,no,,12500,ok,ok,no,no,yes,approved
6/327,13843,no,LKR 100.00,Consumer,02/09/2025,Buy water tank,"LKR 20,000.00",17%,12,LKR 356.83,n,n,no,,35800,ok,ok,no,no,yes,approved
5/2153,10870,no,LKR 100.00,Consumer,16/05/2025,Construction,"LKR 20,000.00",17%,12,LKR 557.70,y,clarck,"LKR 250,000.00","LKR 170,200.00",18700,ok,ok,no,no,yes,approved
4/2700,10859,no,LKR 100.00,Consumer,04/04/2025,To buy consumer goods,"LKR 25,000.00",16%,12,LKR 131.67,Y,Manager,"LKR 20,000.00",NO,34500,ok,ok,no,no,yes,approved
1/4032,10860,no,LKR 100.00,Consumer,7/4/2025,Self employment,"LKR 25,000.00",16%,12,LKR 765.00,y,self employemnt,"LKR 25,000.00",no,26800,ok,ok,no,no,yes,approved
1/4141,10861,no,LKR 100.00,Consumer,7/4/2025,New year preparations,"LKR 25,000.00",16%,12,"LKR 1,105.00",y,self employment,"LKR 25,000.00",no,1750,ok,ok,no,no,yes,approved
1/3027,10866,no,LKR 100.00,Consumer,9/4/2025,New year preparations,"LKR 25,000.00",16%,12,LKR 598.95,y,self employment,no,no,12200,ok,ok,no,no,yes,approved
1/4784,10867,no,LKR 100.00,Consumer,11/4/2025,New year preparations,"LKR 25,000.00",16%,12,no,y,supervisor,"LKR 250,000.00",no,no,ok,ok,no,no,yes,approved
1/2774,10868,no,LKR 100.00,Consumer,11/4/2025,New year preparations,"LKR 25,000.00",16%,12,"LKR 4,800.00",y,self employment,"LKR 250,000.00",no,no,ok,ok,no,no,yes,approved
1/4023,10803,no,LKR 100.00,Consumer,04/12/2023,New year preparations,"LKR 25,000.00",26%,12,LKR 581.00,no,no,no,no,no,ok,ok,no,no,no,approved
5/2555,10840,no,LKR 100.00,Consumer,04/09/2024,To buy consumer goods,"LKR 25,000.00",23%,12,LKR 900.00,no,no,no,no,no,ok,ok,no,no,no,approved
7/956,10126,no,LKR 100.00,long term,2/10/1996,for constructions,"LKR 25,000.00",19%,12,no,no,electrician,no,no,no,ok,ok,no,no,no,approved
11/270,10944,no,LKR 100.00,long term,10/11/1993,business purpose,"LKR 10,000.00",18%,12,LKR 50.00,no,businessman,no,no,no,ok,ok,no,no,no,approved
11/352,10948,no,LKR 5.00,long term,6/10/1994,for agricultural purposes,"LKR 10,000.00",18%,12,no,no,farmer,no,no,no,ok,ok,no,no,no,approved
5/405,1021,no,no,long term,29/9/1991,for business purposes,"LKR 10,000.00",20%,12,no,no,businessman,no,no,no,ok,ok,no,no,no,approved
1/4112,10793,no,LKR 100.00,Consumer,29/03/2023,To buy consumer goods,"LKR 25,000.00",16%,12,,no,no,no,no,no,ok,ok,no,no,no,approved
1/3188,10836,no,LKR 100.00,Consumer,03/04/2024,personal,"LKR 25,000.00",23%,12,LKR 546.21,no,no,no,no,no,ok,ok,no,no,no,approved
1/3572,6003-2121-12142,no,100,Consumer,02/08/2021,To buy electric items,250000,60 months(14%),12,LKR 863.20,863.2,0,,,no,ok,ok,no,no,no,approved
1/1734,6003-2121-12153,no,100,Consumer,05/09/2023,To buy household items ,250000,23%,12,"LKR 1,009.00",1009,N,880000,20000,50000,ok,ok,no,no,no,approved
1/3573,12197,no,100,Consumer,11/08/2023,To buy household items ,250000,23%,12,LKR 992.55,992.55,0,N,20000,800000,ok,ok,no,no,no,approved
1/4022,12159,no,100,Consumer,03/01/2024,To buy computer,250000,23%,12,"LKR 1,196.00",1196,0,9600000,50000,800000,ok,ok,no,no,no,approved
9/1450,12162,no,100,Consumer,20/3/2024,To buy computer,250000,23%,12,"LKR 1,000.00",1000,0,20000000,25000,1500000,ok,ok,no,no,no,approved
1/3577,12164,no,100,Consumer,29/5/2024,Mortgage payments,250000,20%,12,"LKR 4,044.94",4044.94,0,2100000,314200,1400000,ok,ok,no,no,no,approved
1/3933,12165,no,100,Consumer,31/5/2024,To buy electric items,200000,20%,12,"LKR 58,331.15",58331.15,22500,2000000,340000,1000000,ok,ok,no,no,no,approved
1/4003,12166,no,100,Consumer,24/6/2024,To buy household items ,250000,20%,12,"LKR 1,317.00",1317,0,10500000,525940,10000000,ok,ok,no,no,no,approved
1/3747,12167,no,100,Consumer,08/02/2024,To buy household items ,250000,20%,12,LKR 368.40,368.4,16000,14000000,720000,800000,ok,ok,no,no,no,approved
1/2063,12168,no,100,Consumer,27/8/2024,To buy electric items,250000,20%,12,"LKR 4,367.74",4367.74,8000,16600000,500000,1600000,ok,ok,no,no,no,approved
1/3724,12169,no,100,Consumer,23/10/2024,To buy electric items,250000,20%,12,LKR 204.97,204.97,71200,700000,600000,1000000,ok,ok,no,no,no,approved
1/3814,12170,no,100,Consumer,23/10/2024,Business purposes,250000,20%,12,LKR 602.00,602,no,2535000,1060000,2500000,ok,ok,no,no,no,approved
1/3110,12171,no,100,Consumer,22/10/2024,Mortgage payments,250000,20%,12,"LKR 1,507.19",1507.19,no,19120000,216000,330000,ok,ok,no,no,no,approved
1/3503,12172,no,100,Consumer,27/11/2024,To buy household items ,250000,20%,12,LKR 877.45,877.45,0,3150000,400000,3150000,ok,ok,no,no,no,approved
1/2581,12173,no,100,Consumer,23/1/2025,contruction repair ,250000,20%,12,"LKR 8,471.07",8471.07,no,no,no,no,ok,ok,no,no,no,approved
1/3480,12174,no,100,Consumer,23/5/2025,contruction repair ,250000,17%,12,LKR 513.00,513,no,1500000,500000,1900000,ok,ok,no,no,no,approved
1/3540,12175,no,100,Consumer,24/6/2025,Mortgage payments,200000,17%,12,LKR 784.10,784.1,no,1250000,420000,1250000,ok,ok,no,no,no,approved
1/4153,12176,no,100,Consumer,24/7/2025,To buy household items ,250000,17%,12,"LKR 1,048.00",1048,17500,8400000,900000,9000000,ok,ok,no,no,no,approved
1/4231,12177,no,100,Consumer,24/7/2025,to sell mobilephomes,250000,17%,12,LKR 608.00,608,no,410000,420000,60000,ok,ok,no,no,no,approved
,12178,no,100,Consumer,26/07/2025,To buy computer,250000,17%,12,LKR 368.40,,,,,,ok,ok,no,no,no,approved
,12179,no,100,Consumer,26/07/2025,To buy computer,250000,17%,12,"LKR 4,367.74",,,,,,ok,ok,no,no,no,approved
,12180,no,100,Consumer,29/07/2025,Mortgage payments,250000,17%,12,LKR 204.97,,,,,,ok,ok,no,no,no,approved
1/4061,12181,no,100,Consumer,12/08/2025,To buy electric items,250000,17%,12,04/07/2022,3667,no,22500000,150000,19500000,ok,ok,no,no,no,approved
3/2663,10291,no,100,Consumer,20/10/2025,to buy land,1500000,13%,12,31/08/2014,3507.68,no,15500000,1450000,1400000,ok,ok,no,no,no,approved
1/2512,12296,no,100,EPF,21/03/2025,To buy household items ,250000,14%,12,28/05/2020,33.63,119800,400000,180000,35000,ok,ok,no,no,no,approved
1/3692,10302,no,100,EPF,20/11/2024,Mortgage payments,250000,13%,12,31/8/2014,142.86,n,5300000,75000,500000,ok,ok,no,no,no,approved
,,,,,,,,,,,,,,,,,,,,,
